<?xml version="1.0" encoding="UTF-8"?>
<project-private xmlns="http://www.netbeans.org/ns/project-private/1">
    <editor-bookmarks xmlns="http://www.netbeans.org/ns/editor-bookmarks/2" lastBookmarkId="0"/>
    <open-files xmlns="http://www.netbeans.org/ns/projectui-open-files/2">
        <group>
            <file>file:/C:/Users/blai4544/ECE443/FreeRTOSv202104.00/FreeRTOSv202104.00/Projects/blai4544_443_p1/FreeRTOSConfig.h</file>
            <file>file:/C:/Users/blai4544/ECE443/FreeRTOSv202104.00/FreeRTOSv202104.00/Projects/blai4544_443_p1/main.c</file>
        </group>
    </open-files>
</project-private>
