<?xml version="1.0" encoding="UTF-8"?>
<configurationDescriptor version="62">
  <logicalFolder name="root" displayName="root" projectFiles="true">
    <logicalFolder name="HeaderFiles"
                   displayName="Header Files"
                   projectFiles="true">
      <logicalFolder name="Common" displayName="Common" projectFiles="true">
        <itemPath>../../../Microchip/Include/Compiler.h</itemPath>
        <itemPath>../../../Microchip/Include/GenericTypeDefs.h</itemPath>
      </logicalFolder>
      <logicalFolder name="TCPIP Stack" displayName="TCPIP Stack" projectFiles="true">
        <itemPath>../../../Microchip/Include/TCPIP Stack/Announce.h</itemPath>
        <itemPath>../../../Microchip/Include/TCPIP Stack/ARP.h</itemPath>
        <itemPath>../../../Microchip/Include/TCPIP Stack/AutoIP.h</itemPath>
        <itemPath>../../../Microchip/Include/TCPIP Stack/BerkeleyAPI.h</itemPath>
        <itemPath>../../../Microchip/Include/TCPIP Stack/BigInt.h</itemPath>
        <itemPath>../../../Microchip/Include/TCPIP Stack/Delay.h</itemPath>
        <itemPath>../../../Microchip/Include/TCPIP Stack/DHCP.h</itemPath>
        <itemPath>../../../Microchip/Include/TCPIP Stack/DNS.h</itemPath>
        <itemPath>../../../Microchip/Include/TCPIP Stack/DynDNS.h</itemPath>
        <itemPath>../../../Microchip/Include/TCPIP Stack/ETHPIC32ExtPhy.h</itemPath>
        <itemPath>../../../Microchip/Include/TCPIP Stack/ETHPIC32ExtPhyDP83640.h</itemPath>
        <itemPath>../../../Microchip/Include/TCPIP Stack/ETHPIC32ExtPhyRegs.h</itemPath>
        <itemPath>../../../Microchip/Include/TCPIP Stack/ETHPIC32ExtPhySMSC8700.h</itemPath>
        <itemPath>../../../Microchip/Include/TCPIP Stack/ETHPIC32ExtPhySMSC8720.h</itemPath>
        <itemPath>../../../Microchip/Include/TCPIP Stack/FileSystem.h</itemPath>
        <itemPath>../../../Microchip/Include/TCPIP Stack/FTP.h</itemPath>
        <itemPath>../../../Microchip/Include/TCPIP Stack/Hashes.h</itemPath>
        <itemPath>../../../Microchip/Include/TCPIP Stack/Helpers.h</itemPath>
        <itemPath>../../../Microchip/Include/TCPIP Stack/HTTP2.h</itemPath>
        <itemPath>../../../Microchip/Include/TCPIP Stack/ICMP.h</itemPath>
        <itemPath>../../../Microchip/Include/TCPIP Stack/IP.h</itemPath>
        <itemPath>../../../Microchip/Include/TCPIP Stack/LCDBlocking.h</itemPath>
        <itemPath>../../../Microchip/Include/TCPIP Stack/MAC.h</itemPath>
        <itemPath>../../../Microchip/Include/TCPIP Stack/MPFS2.h</itemPath>
        <itemPath>../../../Microchip/Include/TCPIP Stack/NBNS.h</itemPath>
        <itemPath>../../../Microchip/Include/TCPIP Stack/Random.h</itemPath>
        <itemPath>../../../Microchip/Include/TCPIP Stack/Reboot.h</itemPath>
        <itemPath>../../../Microchip/Include/TCPIP Stack/regdef.h</itemPath>
        <itemPath>../../../Microchip/Include/TCPIP Stack/RSA.h</itemPath>
        <itemPath>../../../Microchip/Include/TCPIP Stack/SMTP.h</itemPath>
        <itemPath>../../../Microchip/Include/TCPIP Stack/SNMP.h</itemPath>
        <itemPath>../../../Microchip/Include/TCPIP Stack/SNMPv3.h</itemPath>
        <itemPath>../../../Microchip/Include/TCPIP Stack/SNTP.h</itemPath>
        <itemPath>../../../Microchip/Include/TCPIP Stack/SPIFlash.h</itemPath>
        <itemPath>../../../Microchip/Include/TCPIP Stack/SPIRAM.h</itemPath>
        <itemPath>../../../Microchip/Include/TCPIP Stack/SSL.h</itemPath>
        <itemPath>../../../Microchip/Include/TCPIP Stack/StackTsk.h</itemPath>
        <itemPath>../../../Microchip/Include/TCPIP Stack/TCP.h</itemPath>
        <itemPath>../../../Microchip/Include/TCPIP Stack/TCPIP.h</itemPath>
        <itemPath>../../../Microchip/Include/TCPIP Stack/TCPPerformanceTest.h</itemPath>
        <itemPath>../../../Microchip/Include/TCPIP Stack/Telnet.h</itemPath>
        <itemPath>../../../Microchip/Include/TCPIP Stack/TFTPc.h</itemPath>
        <itemPath>../../../Microchip/Include/TCPIP Stack/Tick.h</itemPath>
        <itemPath>../../../Microchip/Include/TCPIP Stack/UART2TCPBridge.h</itemPath>
        <itemPath>../../../Microchip/Include/TCPIP Stack/UART.h</itemPath>
        <itemPath>../../../Microchip/Include/TCPIP Stack/UDP.h</itemPath>
        <itemPath>../../../Microchip/Include/TCPIP Stack/UDPPerformanceTest.h</itemPath>
        <itemPath>../../../Microchip/Include/TCPIP Stack/XEEPROM.h</itemPath>
        <itemPath>../../../Microchip/Include/TCPIP Stack/ZeroconfHelper.h</itemPath>
        <itemPath>../../../Microchip/Include/TCPIP Stack/ZeroconfLinkLocal.h</itemPath>
        <itemPath>../../../Microchip/Include/TCPIP Stack/ZeroconfMulticastDNS.h</itemPath>
        <itemPath>../TCPIPConfig.h</itemPath>
        <itemPath>../HTTPPrint.h</itemPath>
      </logicalFolder>
      <itemPath>../Configs/TCPIP ETH795.h</itemPath>
      <itemPath>../VendingMachine.h</itemPath>
      <itemPath>../Configs/HardwareProfile.h</itemPath>
      <itemPath>../chipKIT_PRO_MX7.h</itemPath>
    </logicalFolder>
    <logicalFolder name="LinkerScript"
                   displayName="Linker Files"
                   projectFiles="true">
    </logicalFolder>
    <logicalFolder name="SourceFiles"
                   displayName="Source Files"
                   projectFiles="true">
      <logicalFolder name="TCPIP Stack" displayName="TCPIP Stack" projectFiles="true">
        <itemPath>../../../Microchip/TCPIP Stack/Announce.c</itemPath>
        <itemPath>../../../Microchip/TCPIP Stack/ARCFOUR.c</itemPath>
        <itemPath>../../../Microchip/TCPIP Stack/ARP.c</itemPath>
        <itemPath>../../../Microchip/TCPIP Stack/AutoIP.c</itemPath>
        <itemPath>../../../Microchip/TCPIP Stack/BerkeleyAPI.c</itemPath>
        <itemPath>../../../Microchip/TCPIP Stack/BigInt.c</itemPath>
        <itemPath>../../../Microchip/TCPIP Stack/Delay.c</itemPath>
        <itemPath>../../../Microchip/TCPIP Stack/DHCP.c</itemPath>
        <itemPath>../../../Microchip/TCPIP Stack/DHCPs.c</itemPath>
        <itemPath>../../../Microchip/TCPIP Stack/DNS.c</itemPath>
        <itemPath>../../../Microchip/TCPIP Stack/DNSs.c</itemPath>
        <itemPath>../../../Microchip/TCPIP Stack/DynDNS.c</itemPath>
        <itemPath>../../../Microchip/TCPIP Stack/ETHPIC32ExtPhy.c</itemPath>
        <itemPath>../../../Microchip/TCPIP Stack/ETHPIC32IntMac.c</itemPath>
        <itemPath>../../../Microchip/TCPIP Stack/FileSystem.c</itemPath>
        <itemPath>../../../Microchip/TCPIP Stack/FTP.c</itemPath>
        <itemPath>../../../Microchip/TCPIP Stack/Hashes.c</itemPath>
        <itemPath>../../../Microchip/TCPIP Stack/Helpers.c</itemPath>
        <itemPath>../../../Microchip/TCPIP Stack/HTTP2.c</itemPath>
        <itemPath>../../../Microchip/TCPIP Stack/ICMP.c</itemPath>
        <itemPath>../../../Microchip/TCPIP Stack/IP.c</itemPath>
        <itemPath>../../../Microchip/TCPIP Stack/LCDBlocking.c</itemPath>
        <itemPath>../../../Microchip/TCPIP Stack/MPFS2.c</itemPath>
        <itemPath>../../../Microchip/TCPIP Stack/NBNS.c</itemPath>
        <itemPath>../../../Microchip/TCPIP Stack/Random.c</itemPath>
        <itemPath>../../../Microchip/TCPIP Stack/Reboot.c</itemPath>
        <itemPath>../../../Microchip/TCPIP Stack/RSA.c</itemPath>
        <itemPath>../../../Microchip/TCPIP Stack/SMTP.c</itemPath>
        <itemPath>../../../Microchip/TCPIP Stack/SNMP.c</itemPath>
        <itemPath>../../../Microchip/TCPIP Stack/SNMPv3.c</itemPath>
        <itemPath>../../../Microchip/TCPIP Stack/SNMPv3USM.c</itemPath>
        <itemPath>../../../Microchip/TCPIP Stack/SNTP.c</itemPath>
        <itemPath>../../../Microchip/TCPIP Stack/SPIEEPROM.c</itemPath>
        <itemPath>../../../Microchip/TCPIP Stack/SPIFlash.c</itemPath>
        <itemPath>../../../Microchip/TCPIP Stack/SPIRAM.c</itemPath>
        <itemPath>../../../Microchip/TCPIP Stack/SSL.c</itemPath>
        <itemPath>../../../Microchip/TCPIP Stack/StackTsk.c</itemPath>
        <itemPath>../../../Microchip/TCPIP Stack/TCP.c</itemPath>
        <itemPath>../../../Microchip/TCPIP Stack/TCPPerformanceTest.c</itemPath>
        <itemPath>../../../Microchip/TCPIP Stack/Telnet.c</itemPath>
        <itemPath>../../../Microchip/TCPIP Stack/TFTPc.c</itemPath>
        <itemPath>../../../Microchip/TCPIP Stack/Tick.c</itemPath>
        <itemPath>../../../Microchip/TCPIP Stack/UART2TCPBridge.c</itemPath>
        <itemPath>../../../Microchip/TCPIP Stack/UART.c</itemPath>
        <itemPath>../../../Microchip/TCPIP Stack/UDP.c</itemPath>
        <itemPath>../../../Microchip/TCPIP Stack/UDPPerformanceTest.c</itemPath>
        <itemPath>../../../Microchip/TCPIP Stack/ZeroconfHelper.c</itemPath>
        <itemPath>../../../Microchip/TCPIP Stack/ZeroconfLinkLocal.c</itemPath>
        <itemPath>../../../Microchip/TCPIP Stack/ZeroconfMulticastDNS.c</itemPath>
        <itemPath>../MPFSImg2.c</itemPath>
        <itemPath>../../../Microchip/TCPIP Stack/ETHPIC32ExtPhySMSC8720.c</itemPath>
      </logicalFolder>
      <itemPath>../CustomHTTPApp.c</itemPath>
      <itemPath>../VendingMachine.c</itemPath>
      <itemPath>../chipKIT_PRO_MX7.c</itemPath>
    </logicalFolder>
    <logicalFolder name="ExternalFiles"
                   displayName="Important Files"
                   projectFiles="false">
      <itemPath>Makefile</itemPath>
    </logicalFolder>
    <logicalFolder name="OtherFiles" displayName="Other Files" projectFiles="false">
      <itemPath>../VendingMachine.txt</itemPath>
    </logicalFolder>
  </logicalFolder>
  <sourceRootList>
    <Elem>..\..\..\..\..\..\..\..\Microchip Solutions v2011-07-14\Microchip\TCPIP Stack</Elem>
    <Elem>..\..\..\Microchip\Include</Elem>
    <Elem>../</Elem>
    <Elem>..\Configs</Elem>
    <Elem>..</Elem>
    <Elem>..\..\..\Microchip\Include\TCPIP Stack</Elem>
    <Elem>..\..\..\Microchip\TCPIP Stack</Elem>
  </sourceRootList>
  <projectmakefile>Makefile</projectmakefile>
  <confs>
    <conf name="default" type="2">
      <toolsSet>
        <developmentServer>localhost</developmentServer>
        <targetDevice>PIC32MX795F512L</targetDevice>
        <targetHeader></targetHeader>
        <targetPluginBoard></targetPluginBoard>
        <platformTool>PK3OBPlatformTool</platformTool>
        <languageToolchain>XC32</languageToolchain>
        <languageToolchainVersion>1.31</languageToolchainVersion>
        <platform>3</platform>
      </toolsSet>
      <compileType>
        <linkerTool>
          <linkerLibItems>
          </linkerLibItems>
        </linkerTool>
        <loading>
          <useAlternateLoadableFile>false</useAlternateLoadableFile>
          <parseOnProdLoad>false</parseOnProdLoad>
          <alternateLoadableFile></alternateLoadableFile>
        </loading>
      </compileType>
      <makeCustomizationType>
        <makeCustomizationPreStepEnabled>false</makeCustomizationPreStepEnabled>
        <makeCustomizationPreStep>..\Microchip\TCPIP Stack\Utilities\Timer -s</makeCustomizationPreStep>
        <makeCustomizationPostStepEnabled>false</makeCustomizationPostStepEnabled>
        <makeCustomizationPostStep>..\Microchip\TCPIP Stack\Utilities\Timer -d</makeCustomizationPostStep>
        <makeCustomizationPutChecksumInUserID>false</makeCustomizationPutChecksumInUserID>
        <makeCustomizationEnableLongLines>false</makeCustomizationEnableLongLines>
        <makeCustomizationNormalizeHexFile>false</makeCustomizationNormalizeHexFile>
      </makeCustomizationType>
      <C32>
        <property key="additional-warnings" value="true"/>
        <property key="enable-app-io" value="false"/>
        <property key="enable-omit-frame-pointer" value="false"/>
        <property key="enable-symbols" value="true"/>
        <property key="enable-unroll-loops" value="false"/>
        <property key="exclude-floating-point" value="false"/>
        <property key="extra-include-directories"
                  value="../configs;..;../../../Microchip/Include;../../../Microchip/Include/TCPIP Stack;../Configs"/>
        <property key="generate-16-bit-code" value="false"/>
        <property key="generate-micro-compressed-code" value="false"/>
        <property key="isolate-each-function" value="false"/>
        <property key="make-warnings-into-errors" value="false"/>
        <property key="optimization-level" value=""/>
        <property key="place-data-into-section" value="false"/>
        <property key="post-instruction-scheduling" value="default"/>
        <property key="pre-instruction-scheduling" value="default"/>
        <property key="preprocessor-macros" value="CFG_INCLUDE_PIC32_ETH_SK_ETH795"/>
        <property key="strict-ansi" value="false"/>
        <property key="support-ansi" value="false"/>
        <property key="use-cci" value="false"/>
        <property key="use-iar" value="false"/>
        <property key="use-indirect-calls" value="false"/>
      </C32>
      <C32-AR>
        <property key="additional-options-chop-files" value="false"/>
      </C32-AR>
      <C32-AS>
        <property key="assembler-symbols" value=""/>
        <property key="enable-symbols" value="true"/>
        <property key="exclude-floating-point-library" value="false"/>
        <property key="expand-macros" value="false"/>
        <property key="extra-include-directories-for-assembler" value="..;"/>
        <property key="extra-include-directories-for-preprocessor"
                  value="../configs;..;../../../Microchip/Include;../../../Microchip/Include/TCPIP Stack;../Configs;"/>
        <property key="false-conditionals" value="false"/>
        <property key="keep-locals" value="false"/>
        <property key="list-assembly" value="false"/>
        <property key="list-source" value="false"/>
        <property key="list-symbols" value="false"/>
        <property key="oXC32asm-list-to-file" value="false"/>
        <property key="omit-debug-dirs" value="false"/>
        <property key="omit-forms" value="false"/>
        <property key="preprocessor-macros" value="CFG_INCLUDE_PIC32_ETH_SK_ETH795"/>
        <property key="warning-level" value=""/>
      </C32-AS>
      <C32-LD>
        <property key="additional-options-use-response-files" value="false"/>
        <property key="enable-check-sections" value="false"/>
        <property key="exclude-floating-point-library" value="false"/>
        <property key="exclude-standard-libraries" value="false"/>
        <property key="extra-lib-directories" value=".."/>
        <property key="fill-flash-options-addr" value=""/>
        <property key="fill-flash-options-const" value=""/>
        <property key="fill-flash-options-how" value="0"/>
        <property key="fill-flash-options-inc-const" value="1"/>
        <property key="fill-flash-options-increment" value=""/>
        <property key="fill-flash-options-seq" value=""/>
        <property key="fill-flash-options-what" value="0"/>
        <property key="generate-16-bit-code" value="false"/>
        <property key="generate-cross-reference-file" value="false"/>
        <property key="generate-micro-compressed-code" value="false"/>
        <property key="heap-size" value="16000"/>
        <property key="input-libraries" value=""/>
        <property key="linker-symbols" value=""/>
        <property key="map-file" value="&quot;${DISTDIR}/Lesson_0.X.${IMAGE_TYPE}.map&quot;"/>
        <property key="no-startup-files" value="false"/>
        <property key="oXC32ld-extra-opts" value=""/>
        <property key="optimization-level" value="-Os"/>
        <property key="preprocessor-macros" value=""/>
        <property key="remove-unused-sections" value="false"/>
        <property key="report-memory-usage" value="false"/>
        <property key="stack-size" value="2048"/>
        <property key="symbol-stripping" value=""/>
        <property key="trace-symbols" value=""/>
        <property key="warn-section-align" value="false"/>
      </C32-LD>
      <C32CPP>
        <property key="additional-warnings" value="false"/>
        <property key="check-new" value="false"/>
        <property key="eh-specs" value="true"/>
        <property key="enable-app-io" value="false"/>
        <property key="enable-omit-frame-pointer" value="false"/>
        <property key="enable-symbols" value="true"/>
        <property key="enable-unroll-loops" value="false"/>
        <property key="exceptions" value="true"/>
        <property key="exclude-floating-point" value="false"/>
        <property key="extra-include-directories" value=""/>
        <property key="generate-16-bit-code" value="false"/>
        <property key="generate-micro-compressed-code" value="false"/>
        <property key="isolate-each-function" value="false"/>
        <property key="make-warnings-into-errors" value="false"/>
        <property key="optimization-level" value=""/>
        <property key="place-data-into-section" value="false"/>
        <property key="post-instruction-scheduling" value="default"/>
        <property key="pre-instruction-scheduling" value="default"/>
        <property key="preprocessor-macros" value=""/>
        <property key="rtti" value="true"/>
        <property key="strict-ansi" value="false"/>
        <property key="use-cci" value="false"/>
        <property key="use-iar" value="false"/>
        <property key="use-indirect-calls" value="false"/>
      </C32CPP>
      <C32Global>
        <property key="gp-relative-option" value=""/>
        <property key="legacy-libc" value="false"/>
        <property key="save-temps" value="false"/>
        <property key="wpo-lto" value="false"/>
      </C32Global>
      <PK3OBPlatformTool>
        <property key="AutoSelectMemRanges" value="auto"/>
        <property key="SecureSegment.SegmentProgramming" value="FullChipProgramming"/>
        <property key="ToolFirmwareFilePath"
                  value="Press to browse for a specific firmware version"/>
        <property key="ToolFirmwareOption.UseLatestFirmware" value="true"/>
        <property key="memories.bootflash" value="true"/>
        <property key="memories.configurationmemory" value="true"/>
        <property key="memories.eeprom" value="true"/>
        <property key="memories.id" value="true"/>
        <property key="memories.programmemory" value="true"/>
        <property key="memories.programmemory.end" value="0x1d07ffff"/>
        <property key="memories.programmemory.start" value="0x1d000000"/>
        <property key="poweroptions.powerenable" value="false"/>
        <property key="programoptions.eraseb4program" value="true"/>
        <property key="programoptions.preserveeeprom" value="false"/>
        <property key="programoptions.preserveprogramrange" value="false"/>
        <property key="programoptions.preserveprogramrange.end" value="0x1d0001ff"/>
        <property key="programoptions.preserveprogramrange.start" value="0x1d000000"/>
        <property key="programoptions.usehighvoltageonmclr" value="false"/>
        <property key="programoptions.uselvpprogramming" value="false"/>
        <property key="voltagevalue" value="3.25"/>
      </PK3OBPlatformTool>
    </conf>
  </confs>
</configurationDescriptor>
