<?xml version="1.0" encoding="UTF-8"?><project xmlns="http://www.netbeans.org/ns/project/1">
    <type>com.microchip.mplab.nbide.embedded.makeproject</type>
    <configuration>
        <data xmlns="http://www.netbeans.org/ns/make-project/1">
            <name>Lesson 1</name>
            <creation-uuid>ead272e9-0791-4ff4-bc8f-05b5cb575490</creation-uuid>
            <make-project-type>0</make-project-type>
            <c-extensions>c</c-extensions>
            <cpp-extensions/>
            <header-extensions>h</header-extensions>
            <sourceEncoding>ISO-8859-1</sourceEncoding>
            <asminc-extensions/>
            <make-dep-projects/>
        </data>
    </configuration>
</project>
