<?xml version="1.0" encoding="UTF-8"?><project-private xmlns="http://www.netbeans.org/ns/project-private/1">
    <editor-bookmarks xmlns="http://www.netbeans.org/ns/editor-bookmarks/1"/>
    <open-files xmlns="http://www.netbeans.org/ns/projectui-open-files/1">
        <file>file:/C:/Users/rwall/Desktop/Classes/ECE443F14/IP_PKG_12-2013/Projects/RD11%20Lesson%200/VendingMachine.c</file>
        <file>file:/C:/Users/rwall/Desktop/Classes/ECE443F14/IP_PKG_12-2013/Projects/RD11%20Lesson%200/CustomHTTPApp.c</file>
        <file>file:/C:/Users/rwall/Desktop/Classes/ECE443F14/IP_PKG_12-2013/Projects/RD11%20Lesson%200/HTTPPrint.h</file>
    </open-files>
</project-private>
